uo_cod;uo_sigla;uo_descricao;uo_poder
1081;AGE;ADVOCACIA GERAL DO ESTADO - AGE;Poder Executivo
2431;AGÊNCIA RMBH;AGÊNCIA DE DESENVOLVIMENTO DA REGIÃO METROPOLITANA DE BELO HORIZONTE - AGÊNCIA RMBH;Poder Executivo
1011;ALMG;ASSEMBLEIA LEGISLATIVA DO ESTADO DE MINAS GERAIS - ALMG;Poder Legislativo
2461;ARMVA;AGÊNCIA DE DESENVOLVIMENTO DA REGIÃO METROPOLITANA DO VALE DO AÇO - ARMVA;Poder Executivo
2471;ARTEMIG;AGÊNCIA REGULADORA DE TRANSPORTES DO ESTADO DE MINAS GERAIS - ARTEMIG;Poder Executivo
1951;CASA CIVIL;ENCARGOS GERAIS DO ESTADO - INSTRUMENTOS DE ENTRADA DE RECURSOS - EGE - CASA CIVIL;Poder Executivo
1401;CBMMG;CORPO DE BOMBEIROS MILITAR DO ESTADO DE MINAS GERAIS - CBMMG;Poder Executivo
1521;CGE;CONTROLADORIA-GERAL DO ESTADO - CGE;Poder Executivo
1441;DEF PUB;DEFENSORIA PUBLICA DO ESTADO DE MINAS GERAIS - DEF PUB;Defensoria Pública
2481;DETRAN–MG;DEPARTAMENTO ESTADUAL DE TRÂNSITO DE MINAS GERAIS - DETRAN–MG;Poder Executivo
3041;EMATER;EMPRESA DE ASSISTÊNCIA TÉCNICA E EXTENSÃO RURAL DO ESTADO DE MINAS GERAIS - EMATER;Poder Executivo
3151;EMC;EMPRESA MINEIRA DE COMUNICAÇÃO - EMC;Poder Executivo
3051;EPAMIG;EMPRESA DE PESQUISA AGROPECUÁRIA DE MINAS GERAIS - EPAMIG;Poder Executivo
1541;ESP MG;ESCOLA DE SAÚDE PÚBLICA DO ESTADO DE MINAS GERAIS - ESP MG;Poder Executivo
4541;FAHMEMG;FUNDO DE APOIO HABITACIONAL AOS MILITARES DO ESTADO DE MINAS GERAIS - FAHMEMG;Poder Executivo
4661;FAIMG;FUNDO DE ATIVOS IMOBILIÁRIOS DE MINAS GERAIS - FAIMG;Poder Executivo
2171;FAOP;FUNDAÇÃO DE ARTE DE OURO PRETO - FAOP;Poder Executivo
2071;FAPEMIG;FUNDAÇÃO DE AMPARO À PESQUISA DO ESTADO DE MINAS GERAIS - FAPEMIG;Poder Executivo
4151;FASTUR;FUNDO DE ASSISTÊNCIA AO TURISMO - FASTUR;Poder Executivo
2181;FCS;FUNDAÇÃO CLÓVIS SALGADO - FCS;Poder Executivo
4331;FDM;FUNDO DE DESENVOLVIMENTO METROPOLITANO - FDM;Poder Executivo
4731;FDMP;FUNDO DE DESENVOLVIMENTO DO MINISTÉRIO PÚBLICO - FDMP;Ministério Público
4751;FEAGE;FUNDO ESPECIAL DA ADVOCACIA-GERAL DO ESTADO - FEAGE;Poder Executivo
2091;FEAM;FUNDAÇÃO ESTADUAL DO MEIO AMBIENTE - FEAM;Poder Executivo
4251;FEAS;FUNDO ESTADUAL DE ASSISTÊNCIA SOCIAL - FEAS;Poder Executivo
4491;FEC;FUNDO ESTADUAL DE CULTURA - FEC;Poder Executivo
4741;FEGAJ;FUNDO ESPECIAL DE GARANTIA DE ACESSO À JUSTIÇA - FEGAJ;Defensoria Pública
4101;FEH;FUNDO ESTADUAL DE HABITAÇÃO - FEH;Poder Executivo
4601;FEI;FUNDO ESTADUAL DOS DIREITOS DO IDOSO - FEI;Poder Executivo
4451;FEPDC;FUNDO ESTADUAL DE PROTEÇÃO E DEFESA DO CONSUMIDOR - FEPDC;Ministério Público
4031;FEPJ;FUNDO ESPECIAL DO PODER JUDICIÁRIO DO ESTADO DE MINAS GERAIS - FEPJ;Poder Judiciário
4721;FEPREMG;FUNDO ESTADUAL DE PREVIDÊNCIA DO ESTADO DE MINAS GERAIS - FEPREMG;Poder Executivo
4291;FES;FUNDO ESTADUAL DE SAÚDE - FES;Poder Executivo
2151;FHA;FUNDAÇÃO HELENA ANTIPOFF - FHA;Poder Executivo
2271;FHEMIG;FUNDAÇÃO HOSPITALAR DO ESTADO DE MINAS GERAIS - FHEMIG;Poder Executivo
4341;FHIDRO;FUNDO DE RECUPERAÇÃO, PROTEÇÃO E DESENVOLVIMENTO SUSTENTÁVEL DAS BACIAS HIDROGRÁFICAS DO ESTADO DE MINAS GERAIS - FHIDRO;Poder Executivo
4091;FIA;FUNDO PARA A INFÂNCIA E A ADOLESCÊNCIA - FIA;Poder Executivo
4671;FIIMG;FUNDO DE INVESTIMENTOS IMOBILIÁRIOS DE MINAS GERAIS - FIIMG;Poder Executivo
2061;FJP;FUNDAÇÃO JOÃO PINHEIRO - FJP;Poder Executivo
4141;FPE;FUNDO PENITENCIÁRIO ESTADUAL - FPE;Poder Executivo
2161;FUCAM;FUNDAÇÃO EDUCACIONAL CAIO MARTINS - FUCAM;Poder Executivo
4551;FUNAPEC;FUNDO DE ASSISTÊNCIA AO PECÚLIO DOS SERVIDORES DO ESTADO DE MINAS GERAIS - FUNAPEC;Poder Executivo
4611;FUNCONTAS;FUNDO DO TRIBUNAL DE CONTAS DO ESTADO DE MINAS GERAIS - FUNCONTAS;Tribunal de Contas
4121;FUNDALEMG;FUNDO ESPECIAL DA ASSEMBLEIA LEGISLATIVA DO ESTADO DE MINAS GERAIS - FUNDALEMG;Poder Legislativo
4111;FUNDESE;FUNDO DE FOMENTO E DESENVOLVIMENTO SOCIOECONÔMICO DO ESTADO DE MINAS GERAIS - FUNDESE;Poder Executivo
4421;FUNDIF;FUNDO ESTADUAL DE DEFESA DE DIREITOS DIFUSOS - FUNDIF;Poder Executivo
2261;FUNED;FUNDAÇÃO EZEQUIEL DIAS - FUNED;Poder Executivo
4441;FUNEMP;FUNDO ESPECIAL DO MINISTÉRIO PÚBLICO DO ESTADO DE MINAS GERAIS - FUNEMP;Ministério Público
4321;FUNPREN;FUNDO ESTADUAL DE PREVENÇÃO, FISCALIZAÇÃO E REPRESSÃO DE ENTORPECENTES - FUNPREN;Poder Executivo
4381;FUNTRANS;FUNDO ESTADUAL DE DESENVOLVIMENTO DE TRANSPORTES - FUNTRANS;Poder Executivo
1071;GABINETE MILITAR;GABINETE MILITAR DO GOVERNADOR DO ESTADO DE MINAS GERAIS - GABINETE MILITAR;Poder Executivo
2321;HEMOMINAS;FUNDAÇÃO CENTRO DE HEMATOLOGIA E HEMOTERAPIA DE MINAS GERAIS - HEMOMINAS;Poder Executivo
2421;IDENE;INSTITUTO DE DESENVOLVIMENTO DO NORTE E NORDESTE DE MINAS GERAIS - IDENE;Poder Executivo
2101;IEF;INSTITUTO ESTADUAL DE FLORESTAS - IEF;Poder Executivo
2201;IEPHA;INSTITUTO ESTADUAL DO PATRIMÔNIO HISTÓRICO E ARTÍSTICO DE MINAS GERAIS - IEPHA;Poder Executivo
2241;IGAM;INSTITUTO MINEIRO DE GESTÃO DAS ÁGUAS - IGAM;Poder Executivo
2371;IMA;INSTITUTO MINEIRO DE AGROPECUÁRIA - IMA;Poder Executivo
2331;IPEMMG;INSTITUTO DE METROLOGIA E QUALIDADE DO ESTADO DE MINAS GERAIS - IPEMMG;Poder Executivo
2361;IPLEMG;INSTITUTO DE PREVIDÊNCIA DO LEGISLATIVO DO ESTADO DE MINAS GERAIS - IPLEMG;Poder Legislativo
2011;IPSEMG;INSTITUTO DE PREVIDÊNCIA DOS SERVIDORES DO ESTADO DE MINAS GERAIS - IPSEMG;Poder Executivo
2121;IPSM;INSTITUTO DE PREVIDÊNCIA DOS SERVIDORES MILITARES DO ESTADO DE MINAS GERAIS - IPSM;Poder Executivo
2251;JUCEMG;JUNTA COMERCIAL DO ESTADO DE MINAS GERAIS - JUCEMG;Poder Executivo
2041;LEMG;LOTERIA DO ESTADO DE MINAS GERAIS - LEMG;Poder Executivo
2301;DER-MG;DEPARTAMENTO DE ESTRADAS DE RODAGEM DO ESTADO DE MINAS GERAIS - DER-MG;Poder Executivo
2441;ARSAE -MG;AGÊNCIA REGULADORA DE SERVIÇOS DE ABASTECIMENTO DE ÁGUA E DE ESGOTAMENTO SANITÁRIO DO ESTADO DE MINAS GERAIS - ARSAE -MG;Poder Executivo
4631;FPP - MG;FUNDO DE PAGAMENTO DE PARCERIAS PÚBLICO - PRIVADAS DE MINAS GERAIS - FPP - MG;Poder Executivo
4641;FGP - MG;FUNDO DE GARANTIAS DE PARCERIAS PÚBLICO - PRIVADAS DE MINAS GERAIS - FGP - MG;Poder Executivo
4691;FESP-MG;FUNDO ESTADUAL DE SEGURANÇA PÚBLICA DE MINAS GERAIS - FESP-MG;Poder Executivo
4701;FET-MG;FUNDO ESTADUAL DO TRABALHO DE MINAS GERAIS - FET-MG;Poder Executivo
4711;FFP - MG;FUNDO FINANCEIRO DE PREVIDÊNCIA DO ESTADO DE MINAS GERAIS - FFP - MG;Poder Executivo
4761;FUNESB-MG;FUNDO ESTADUAL DE SANEAMENTO BÁSICO DE MINAS GERAIS - FUNESB-MG;Poder Executivo
4621;MG INVESTE;FUNDO DE INVESTIMENTO DO ESTADO DE MINAS GERAIS - MG INVESTE;Poder Executivo
1101;OGE;OUVIDORIA-GERAL DO ESTADO DE MINAS GERAIS - OGE;Poder Executivo
1915;PARTICIPAÇÃO EMPRESAS;PARTICIPAÇÃO NO AUMENTO DO CAPITAL SOCIAL DE EMPRESAS - PARTICIPAÇÃO EMPRESAS;Poder Executivo
1511;PCMG;POLÍCIA CIVIL DO ESTADO DE MINAS GERAIS - PCMG;Poder Executivo
1091;PGJ;PROCURADORIA GERAL DE JUSTIÇA - PGJ;Ministério Público
1251;PMMG;POLÍCIA MILITAR DO ESTADO DE MINAS GERAIS - PMMG;Poder Executivo
1991;RC;RESERVA DE CONTINGÊNCIA - RC;Reserva de Contingência
1721;SCC;SECRETARIA DE ESTADO DA CASA CIVIL - SCC;Poder Executivo
1231;SEAPA;SECRETARIA DE ESTADO DE AGRICULTURA, PECUÁRIA E ABASTECIMENTO - SEAPA;Poder Executivo
1631;SEC. GERAL;SECRETARIA-GERAL - SEC. GERAL;Poder Executivo
1711;SECOM;SECRETARIA DE ESTADO DE COMUNICAÇÃO SOCIAL - SECOM;Poder Executivo
1271;SECULT;SECRETARIA DE ESTADO DE CULTURA E TURISMO - SECULT;Poder Executivo
1221;SEDE;SECRETARIA DE ESTADO DE DESENVOLVIMENTO ECONÔMICO - SEDE;Poder Executivo
1481;SEDESE;SECRETARIA DE ESTADO DE DESENVOLVIMENTO SOCIAL - SEDESE;Poder Executivo
1261;SEE;SECRETARIA DE ESTADO DE EDUCAÇÃO - SEE;Poder Executivo
1191;SEF;SECRETARIA DE ESTADO DE FAZENDA - SEF;Poder Executivo
1911;SEF;EGE SEC.FAZENDA-ENCARGOS DIVERSOS - EGE - SEF;Poder Executivo
1916;SEF;GESTÃO DA DÍVIDA PÚBLICA ESTADUAL - GDPE - SEF;Poder Executivo
1491;SEGOV;SECRETARIA DE ESTADO DE GOVERNO - SEGOV;Poder Executivo
1301;SEINFRA;SECRETARIA DE ESTADO DE INFRAESTRUTURA, MOBILIDADE E PARCERIAS - SEINFRA;Poder Executivo
1451;SEJUSP;SECRETARIA DE ESTADO DE JUSTIÇA E SEGURANÇA PÚBLICA - SEJUSP;Poder Executivo
1371;SEMAD;SECRETARIA DE ESTADO DE MEIO AMBIENTE E DESENVOLVIMENTO SUSTENTÁVEL - SEMAD;Poder Executivo
1501;SEPLAG;SECRETARIA DE ESTADO DE PLANEJAMENTO E GESTÃO - SEPLAG;Poder Executivo
1941;SEPLAG;EGE-SECRETARIA DE ESTADO DE PLANEJAMENTO E GESTÃO - EGE-SEPLAG;Poder Executivo
1021;TCEMG;TRIBUNAL DE CONTAS DO ESTADO DE MINAS GERAIS - TCEMG;Tribunal de Contas
1031;TJMG;TRIBUNAL DE JUSTIÇA DO ESTADO DE MINAS GERAIS - TJMG;Poder Judiciário
1051;TJMMG;TRIBUNAL DE JUSTIÇA MILITAR DO ESTADO DE MINAS GERAIS - TJMMG;Poder Judiciário
2211;TV MINAS;FUNDAÇÃO TV MINAS CULTURAL E EDUCATIVA - TV MINAS;Poder Executivo
2351;UEMG;UNIVERSIDADE DO ESTADO DE MINAS GERAIS - UEMG;Poder Executivo
2311;UNIMONTES;UNIVERSIDADE ESTADUAL DE MONTES CLAROS - UNIMONTES;Poder Executivo
2281;UTRAMIG;FUNDAÇÃO DE EDUCAÇÃO PARA O TRABALHO DE MINAS GERAIS - UTRAMIG;Poder Executivo
5131;INVEST MINAS;AGÊNCIA DE PROMOÇÃO DE INVESTIMENTOS DE MINAS GERAIS - INVEST MINAS;Poder Executivo
5201;BDMG;BANCO DE DESENVOLVIMENTO DE MINAS GERAIS S.A - BDMG;Poder Executivo
5401;CEMIG DISTRIBUIDORA;CEMIG DISTRIBUIÇÃO S.A - CEMIG DISTRIBUIDORA;Poder Executivo
5391;CEMIG GERAÇÃO E TRANSMISSÃO;CEMIG GERAÇÃO E TRANSMISSÃO S.A - CEMIG GERAÇÃO E TRANSMISSÃO;Poder Executivo
5031;CODEMGE;COMPANHIA DE DESENVOLVIMENTO DE MINAS GERAIS - CODEMGE;Poder Executivo
5011;CODEMIG;COMPANHIA DE DESENVOLVIMENTO ECONÔMICO DE MINAS GERAIS - CODEMIG;Poder Executivo
5251;GASMIG;COMPANHIA DE GÁS DE MINAS GERAIS - GASMIG;Poder Executivo
5071;COHAB;COMPANHIA DE HABITAÇÃO DO ESTADO DE MINAS GERAIS - COHAB;Poder Executivo
5141;PRODEMGE;COMPANHIA DE TECNOLOGIA DA INFORMAÇÃO DO ESTADO DE MINAS GERAIS - PRODEMGE;Poder Executivo
5121;CEMIG HOLDING;COMPANHIA ENERGÉTICA DE MINAS GERAIS - CEMIG HOLDING;Poder Executivo
5381;MGS;MINAS GERAIS ADMINISTRAÇÃO E SERVIÇOS S.A - MGS;Poder Executivo
5191;MGI;MINAS GERAIS PARTICIPAÇÕES S.A - MGI;Poder Executivo
5261;TREM METROPOLITANO;TREM METROPOLITANO DE BELO HORIZONTE S.A - TREM METROPOLITANO;Poder Executivo
