uo_cod;uo_sigla;uo_descricao
1081;AGE;ADVOCACIA GERAL DO ESTADO - AGE
2431;AGÊNCIA RMBH;AGÊNCIA DE DESENVOLVIMENTO DA REGIÃO METROPOLITANA DE BELO HORIZONTE - AGÊNCIA RMBH
1011;ALMG;ASSEMBLEIA LEGISLATIVA DO ESTADO DE MINAS GERAIS - ALMG
2461;ARMVA;AGÊNCIA DE DESENVOLVIMENTO DA REGIÃO METROPOLITANA DO VALE DO AÇO - ARMVA
2471;ARTEMIG;AGÊNCIA REGULADORA DE TRANSPORTES DO ESTADO DE MINAS GERAIS - ARTEMIG
1951;CASA CIVIL;ENCARGOS GERAIS DO ESTADO - INSTRUMENTOS DE ENTRADA DE RECURSOS - EGE - CASA CIVIL
1401;CBMMG;CORPO DE BOMBEIROS MILITAR DO ESTADO DE MINAS GERAIS - CBMMG
1521;CGE;CONTROLADORIA-GERAL DO ESTADO - CGE
1441;DEF PUB;DEFENSORIA PUBLICA DO ESTADO DE MINAS GERAIS - DEF PUB
2481;DETRAN–MG;DEPARTAMENTO ESTADUAL DE TRÂNSITO DE MINAS GERAIS - DETRAN–MG
3041;EMATER;EMPRESA DE ASSISTÊNCIA TÉCNICA E EXTENSÃO RURAL DO ESTADO DE MINAS GERAIS - EMATER
3151;EMC;EMPRESA MINEIRA DE COMUNICAÇÃO - EMC
3051;EPAMIG;EMPRESA DE PESQUISA AGROPECUÁRIA DE MINAS GERAIS - EPAMIG
1541;ESP MG;ESCOLA DE SAÚDE PÚBLICA DO ESTADO DE MINAS GERAIS - ESP MG
4541;FAHMEMG;FUNDO DE APOIO HABITACIONAL AOS MILITARES DO ESTADO DE MINAS GERAIS - FAHMEMG
4661;FAIMG;FUNDO DE ATIVOS IMOBILIÁRIOS DE MINAS GERAIS - FAIMG
2171;FAOP;FUNDAÇÃO DE ARTE DE OURO PRETO - FAOP
2071;FAPEMIG;FUNDAÇÃO DE AMPARO À PESQUISA DO ESTADO DE MINAS GERAIS - FAPEMIG
4151;FASTUR;FUNDO DE ASSISTÊNCIA AO TURISMO - FASTUR
2181;FCS;FUNDAÇÃO CLÓVIS SALGADO - FCS
4331;FDM;FUNDO DE DESENVOLVIMENTO METROPOLITANO - FDM
4731;FDMP;FUNDO DE DESENVOLVIMENTO DO MINISTÉRIO PÚBLICO - FDMP
4751;FEAGE;FUNDO ESPECIAL DA ADVOCACIA-GERAL DO ESTADO - FEAGE
2091;FEAM;FUNDAÇÃO ESTADUAL DO MEIO AMBIENTE - FEAM
4251;FEAS;FUNDO ESTADUAL DE ASSISTÊNCIA SOCIAL - FEAS
4491;FEC;FUNDO ESTADUAL DE CULTURA - FEC
4741;FEGAJ;FUNDO ESPECIAL DE GARANTIA DE ACESSO À JUSTIÇA - FEGAJ
4101;FEH;FUNDO ESTADUAL DE HABITAÇÃO - FEH
4601;FEI;FUNDO ESTADUAL DOS DIREITOS DO IDOSO - FEI
4451;FEPDC;FUNDO ESTADUAL DE PROTEÇÃO E DEFESA DO CONSUMIDOR - FEPDC
4031;FEPJ;FUNDO ESPECIAL DO PODER JUDICIÁRIO DO ESTADO DE MINAS GERAIS - FEPJ
4721;FEPREMG;FUNDO ESTADUAL DE PREVIDÊNCIA DO ESTADO DE MINAS GERAIS - FEPREMG
4291;FES;FUNDO ESTADUAL DE SAÚDE - FES
2151;FHA;FUNDAÇÃO HELENA ANTIPOFF - FHA
2271;FHEMIG;FUNDAÇÃO HOSPITALAR DO ESTADO DE MINAS GERAIS - FHEMIG
4341;FHIDRO;FUNDO DE RECUPERAÇÃO, PROTEÇÃO E DESENVOLVIMENTO SUSTENTÁVEL DAS BACIAS HIDROGRÁFICAS DO ESTADO DE MINAS GERAIS - FHIDRO
4091;FIA;FUNDO PARA A INFÂNCIA E A ADOLESCÊNCIA - FIA
4671;FIIMG;FUNDO DE INVESTIMENTOS IMOBILIÁRIOS DE MINAS GERAIS - FIIMG
2061;FJP;FUNDAÇÃO JOÃO PINHEIRO - FJP
4141;FPE;FUNDO PENITENCIÁRIO ESTADUAL - FPE
2161;FUCAM;FUNDAÇÃO EDUCACIONAL CAIO MARTINS - FUCAM
4551;FUNAPEC;FUNDO DE ASSISTÊNCIA AO PECÚLIO DOS SERVIDORES DO ESTADO DE MINAS GERAIS - FUNAPEC
4611;FUNCONTAS;FUNDO DO TRIBUNAL DE CONTAS DO ESTADO DE MINAS GERAIS - FUNCONTAS
4121;FUNDALEMG;FUNDO ESPECIAL DA ASSEMBLEIA LEGISLATIVA DO ESTADO DE MINAS GERAIS - FUNDALEMG
4111;FUNDESE;FUNDO DE FOMENTO E DESENVOLVIMENTO SOCIOECONÔMICO DO ESTADO DE MINAS GERAIS - FUNDESE
4421;FUNDIF;FUNDO ESTADUAL DE DEFESA DE DIREITOS DIFUSOS - FUNDIF
2261;FUNED;FUNDAÇÃO EZEQUIEL DIAS - FUNED
4441;FUNEMP;FUNDO ESPECIAL DO MINISTÉRIO PÚBLICO DO ESTADO DE MINAS GERAIS - FUNEMP
4321;FUNPREN;FUNDO ESTADUAL DE PREVENÇÃO, FISCALIZAÇÃO E REPRESSÃO DE ENTORPECENTES - FUNPREN
4381;FUNTRANS;FUNDO ESTADUAL DE DESENVOLVIMENTO DE TRANSPORTES - FUNTRANS
1071;GABINETE MILITAR;GABINETE MILITAR DO GOVERNADOR DO ESTADO DE MINAS GERAIS - GABINETE MILITAR
2321;HEMOMINAS;FUNDAÇÃO CENTRO DE HEMATOLOGIA E HEMOTERAPIA DE MINAS GERAIS - HEMOMINAS
2421;IDENE;INSTITUTO DE DESENVOLVIMENTO DO NORTE E NORDESTE DE MINAS GERAIS - IDENE
2101;IEF;INSTITUTO ESTADUAL DE FLORESTAS - IEF
2201;IEPHA;INSTITUTO ESTADUAL DO PATRIMÔNIO HISTÓRICO E ARTÍSTICO DE MINAS GERAIS - IEPHA
2241;IGAM;INSTITUTO MINEIRO DE GESTÃO DAS ÁGUAS - IGAM
2371;IMA;INSTITUTO MINEIRO DE AGROPECUÁRIA - IMA
2331;IPEMMG;INSTITUTO DE METROLOGIA E QUALIDADE DO ESTADO DE MINAS GERAIS - IPEMMG
2361;IPLEMG;INSTITUTO DE PREVIDÊNCIA DO LEGISLATIVO DO ESTADO DE MINAS GERAIS - IPLEMG
2011;IPSEMG;INSTITUTO DE PREVIDÊNCIA DOS SERVIDORES DO ESTADO DE MINAS GERAIS - IPSEMG
2121;IPSM;INSTITUTO DE PREVIDÊNCIA DOS SERVIDORES MILITARES DO ESTADO DE MINAS GERAIS - IPSM
2251;JUCEMG;JUNTA COMERCIAL DO ESTADO DE MINAS GERAIS - JUCEMG
2041;LEMG;LOTERIA DO ESTADO DE MINAS GERAIS - LEMG
2301;DER-MG;DEPARTAMENTO DE ESTRADAS DE RODAGEM DO ESTADO DE MINAS GERAIS - DER-MG
2441;ARSAE -MG;AGÊNCIA REGULADORA DE SERVIÇOS DE ABASTECIMENTO DE ÁGUA E DE ESGOTAMENTO SANITÁRIO DO ESTADO DE MINAS GERAIS - ARSAE -MG
4631;FPP - MG;FUNDO DE PAGAMENTO DE PARCERIAS PÚBLICO - PRIVADAS DE MINAS GERAIS - FPP - MG
4641;FGP - MG;FUNDO DE GARANTIAS DE PARCERIAS PÚBLICO - PRIVADAS DE MINAS GERAIS - FGP - MG
4691;FESP-MG;FUNDO ESTADUAL DE SEGURANÇA PÚBLICA DE MINAS GERAIS - FESP-MG
4701;FET-MG;FUNDO ESTADUAL DO TRABALHO DE MINAS GERAIS - FET-MG
4711;FFP - MG;FUNDO FINANCEIRO DE PREVIDÊNCIA DO ESTADO DE MINAS GERAIS - FFP - MG
4761;FUNESB-MG;FUNDO ESTADUAL DE SANEAMENTO BÁSICO DE MINAS GERAIS - FUNESB-MG
4621;MG INVESTE;FUNDO DE INVESTIMENTO DO ESTADO DE MINAS GERAIS - MG INVESTE
1101;OGE;OUVIDORIA-GERAL DO ESTADO DE MINAS GERAIS - OGE
1915;PARTICIPAÇÃO EMPRESAS;PARTICIPAÇÃO NO AUMENTO DO CAPITAL SOCIAL DE EMPRESAS - PARTICIPAÇÃO EMPRESAS
1511;PCMG;POLÍCIA CIVIL DO ESTADO DE MINAS GERAIS - PCMG
1091;PGJ;PROCURADORIA GERAL DE JUSTIÇA - PGJ
1251;PMMG;POLÍCIA MILITAR DO ESTADO DE MINAS GERAIS - PMMG
1991;RC;RESERVA DE CONTINGÊNCIA - RC
1721;SCC;SECRETARIA DE ESTADO DA CASA CIVIL - SCC
1231;SEAPA;SECRETARIA DE ESTADO DE AGRICULTURA, PECUÁRIA E ABASTECIMENTO - SEAPA
1631;SEC. GERAL;SECRETARIA-GERAL - SEC. GERAL
1711;SECOM;SECRETARIA DE ESTADO DE COMUNICAÇÃO SOCIAL - SECOM
1271;SECULT;SECRETARIA DE ESTADO DE CULTURA E TURISMO - SECULT
1221;SEDE;SECRETARIA DE ESTADO DE DESENVOLVIMENTO ECONÔMICO - SEDE
1481;SEDESE;SECRETARIA DE ESTADO DE DESENVOLVIMENTO SOCIAL - SEDESE
1261;SEE;SECRETARIA DE ESTADO DE EDUCAÇÃO - SEE
1191;SEF;SECRETARIA DE ESTADO DE FAZENDA - SEF
1911;SEF;EGE SEC.FAZENDA-ENCARGOS DIVERSOS - EGE - SEF
1916;SEF;GESTÃO DA DÍVIDA PÚBLICA ESTADUAL - GDPE - SEF
1491;SEGOV;SECRETARIA DE ESTADO DE GOVERNO - SEGOV
1301;SEINFRA;SECRETARIA DE ESTADO DE INFRAESTRUTURA, MOBILIDADE E PARCERIAS - SEINFRA
1451;SEJUSP;SECRETARIA DE ESTADO DE JUSTIÇA E SEGURANÇA PÚBLICA - SEJUSP
1371;SEMAD;SECRETARIA DE ESTADO DE MEIO AMBIENTE E DESENVOLVIMENTO SUSTENTÁVEL - SEMAD
1501;SEPLAG;SECRETARIA DE ESTADO DE PLANEJAMENTO E GESTÃO - SEPLAG
1941;SEPLAG;EGE-SECRETARIA DE ESTADO DE PLANEJAMENTO E GESTÃO - EGE-SEPLAG
1021;TCEMG;TRIBUNAL DE CONTAS DO ESTADO DE MINAS GERAIS - TCEMG
1031;TJMG;TRIBUNAL DE JUSTIÇA DO ESTADO DE MINAS GERAIS - TJMG
1051;TJMMG;TRIBUNAL DE JUSTIÇA MILITAR DO ESTADO DE MINAS GERAIS - TJMMG
2211;TV MINAS;FUNDAÇÃO TV MINAS CULTURAL E EDUCATIVA - TV MINAS
2351;UEMG;UNIVERSIDADE DO ESTADO DE MINAS GERAIS - UEMG
2311;UNIMONTES;UNIVERSIDADE ESTADUAL DE MONTES CLAROS - UNIMONTES
2281;UTRAMIG;FUNDAÇÃO DE EDUCAÇÃO PARA O TRABALHO DE MINAS GERAIS - UTRAMIG
5131;INVEST MINAS;AGÊNCIA DE PROMOÇÃO DE INVESTIMENTOS DE MINAS GERAIS - INVEST MINAS
5201;BDMG;BANCO DE DESENVOLVIMENTO DE MINAS GERAIS S.A - BDMG
5401;CEMIG DISTRIBUIDORA;CEMIG DISTRIBUIÇÃO S.A - CEMIG DISTRIBUIDORA
5391;CEMIG GERAÇÃO E TRANSMISSÃO;CEMIG GERAÇÃO E TRANSMISSÃO S.A - CEMIG GERAÇÃO E TRANSMISSÃO
5031;CODEMGE;COMPANHIA DE DESENVOLVIMENTO DE MINAS GERAIS - CODEMGE
5011;CODEMIG;COMPANHIA DE DESENVOLVIMENTO ECONÔMICO DE MINAS GERAIS - CODEMIG
5251;GASMIG;COMPANHIA DE GÁS DE MINAS GERAIS - GASMIG
5071;COHAB;COMPANHIA DE HABITAÇÃO DO ESTADO DE MINAS GERAIS - COHAB
5141;PRODEMGE;COMPANHIA DE TECNOLOGIA DA INFORMAÇÃO DO ESTADO DE MINAS GERAIS - PRODEMGE
5121;CEMIG HOLDING;COMPANHIA ENERGÉTICA DE MINAS GERAIS - CEMIG HOLDING
5381;MGS;MINAS GERAIS ADMINISTRAÇÃO E SERVIÇOS S.A - MGS
5191;MGI;MINAS GERAIS PARTICIPAÇÕES S.A - MGI
5261;TREM METROPOLITANO;TREM METROPOLITANO DE BELO HORIZONTE S.A - TREM METROPOLITANO
